indicador,valor
MSE,9.482881068834104e-06
RMSE,0.003079428691954744
MAPE,2.884723097740929
